clinting_n7Z,0fcdfb4d8f102752,Matthew,Palmer,0980933124
rifenesses_VNl,d54c44a2d60d6d6e,Douglas,King,0991412825
appels_bcq,c11c6c9e34534527,William,Rice,0904855162
fubs_Xqu,69d5fc4034eefdec,Helen,Hernandez,0949774766
faceman_hGc,9e8fa44e662cf07d,Kelsey,Thompson,0903097432
aptest_7l0,2f647afc7b2910b5,Sean,Kirk,0966937341
chairwoman_M9I,c38c9b3acc50584b,Erin,James,0969608434
bananaquit_ex5,4fc0f7ba4db6754a,Vincent,Ramos,0955026009
wheelhouses_3Yn,2df2eae0e725db81,Justin,Hernandez,0979531188
priesthood_gRa,2420972ab01d0aff,Tammy,Wood,0967675807
underbeing_QSd,3f16868d202b6bc1,Abigail,Williams,0967721309
wyandotte_PZ3,6378e558cc879b60,James,Chavez,0949400161
stablest_bN9,4a66a939136b2713,Abigail,Bartlett,0953475235
housetops_div,3e04709c7c35c05d,Charles,Nguyen,0931081992
aliesterase_iuf,96f2a5ea51762610,Anna,Jackson,0977951780
barcella_Nx3,fd3b20e4e57636c6,Jodi,Coleman,0942771567
emesa_QHa,79fffa542eaf079a,Tony,Williams,0931525799
travels_Ovr,774167c1764ba784,Patrick,Murillo,0931616671
steelmake_MWM,d3f5bde35ed81ed7,Kevin,Snyder,0997167456
hotrod_LBh,4403f4581a879930,Jennifer,Scott,0965881163
tredefowel_vDX,3b40a218bfdf182c,Debbie,Williams,0969520402
hillman_ez8,7ff2eca0ea558bf1,Brent,Hill,0900904278
millponds_EYH,40a709ef187448a3,Danielle,Atkinson,0925042391
algid_1GL,82eeb6db1c076745,John,Phillips,0985216936
refilm_mXA,aba5a10742658791,John,Hood,0929173228
treason_7va,07800df6b4e0425b,Daniel,Brown,0934199565
endermatic_bjZ,f5b8b4fa7ccec771,Tiffany,Chambers,0979232424
dulcifluous_rfq,a91a34b02bd6d247,Adam,Berry,0953586535
bladish_HJ5,2d30a1c006fdd5f1,Jon,Contreras,0955018697
landiron_0mu,f48cc85a35476f4f,Rachel,Williams,0944419226
falseface_rAG,012d10e594cd8e50,Kathryn,Brooks,0905871477
countervote_gip,8173e9637fb271ec,Robert,Oconnor,0955617087
sphecius_tff,d8aa68d8b03a264e,Jamie,Nelson,0934814476
cordelle_eMp,7d944a2ec1169318,Tina,Williams,0971411177
complaisant_V8W,cd764ecd02bf9338,Jennifer,Watson,0944782669
centrode_uuR,06d7031801a657f6,Charles,Robinson,0966835702
antiheroism_0Wv,f9524f4cbe2b5aa2,Veronica,Miller,0927431911
contentless_mQ4,60374dafbf22e40d,James,Grant,0985215764
virescence_nZq,f4d90c2b05d4339c,Mark,Collins,0952888349
uniform_dIc,94465bbeed0423fe,Katherine,Snyder,0957863599
oxytones_Wyq,9ecffc2ab46eb31a,Carrie,Rivera,0916884923
deponent_iwD,4932d060ab503563,Kimberly,Lewis,0922079980
uncapping_9sf,ad52fabe2e08a66d,Jason,Brown,0966338555
overriding_8JX,af0ed497ddfb51cb,Alexandria,Brown,0939852132
falconnoid_I9x,d2f78de5b2f1965f,Douglas,Anderson,0924684407
offsaddle_UiU,fd1e88d8916bf4a7,Jennifer,Clark,0926243258
teachingly_dqk,c1062ab88f696125,Gabriela,Lucas,0906705341
wholism_8Gn,eaaa2bfa42b5d49a,Brian,Lewis,0948803198
locality_ISX,740e9f71010f3a0f,Monica,Davis,0963123374
prissy_HTv,adf7d8fd79e05c6f,Thomas,Webb,0996999789
middleclass_rbz,a7e48bee1224dd35,Dawn,Harris,0927892403
tentory_D1O,b20f477888b29e75,Christopher,Murphy,0914970150
dejerate_4ek,674100e7d7d54fc2,Tiffany,Duncan,0940287306
spastic_QfM,5f5e2a56b3981a71,Thomas,Livingston,0967808263
middays_uwC,93c771a7f12d26a7,Hector,Avila,0990332160
factorial_033,09afbd9e8813bcd6,Ryan,Evans,0998951168
encapsuling_rcm,9754576348c9cfaa,Frederick,Tate,0991575598
alkenes_BMW,04d0d48af0867198,Chelsea,Hendricks,0930061792
piousness_TQ0,03516547ff16140d,Judith,Martin,0902333088
heatdrops_TVr,6fcded4452b73b36,Gordon,Adkins,0975307117
unincensed_9Ym,4c19b0035612f6e0,Jessica,Pope,0995039433
wildishly_Vc8,3ba9705430af9553,Rachel,Sanchez,0910618308
vert_A1N,8d6e9eedb7643380,Stephanie,Brennan,0924612836
glyoxylic_VF2,ca1151a24382fe59,Cheryl,Zuniga,0990708510
eruditely_D5P,c8009e7d5f8aace9,Casey,Oliver,0915988981
incorporal_TtI,018934de4e306bd1,Gabrielle,Robertson,0920251840
messages_zF1,693b5106c8080159,Michelle,Johnson,0929979485
busboy_u3g,bdd45cdd520670ad,Kayla,Barnes,0985238680
impressment_kcn,ec08b6f7e692c8bb,Amy,Barnett,0940235373
poongee_qMb,e6d13bd3d31965e8,Beth,James,0958410706
savours_hLS,9379c4ae0f0e3677,Russell,Russell,0991491959
predoom_qCw,b2f70de8a8d32a84,Amber,Keller,0909909207
yahweh_VBB,cd07ca6854b3480a,Amy,Sharp,0904100916
muumuu_XV6,34d2f9a5ab73aeb3,Sandra,Hall,0905639954
oscillance_zKd,526f045f8a21dfc1,Kathy,Vasquez,0913414519
ataxiameter_1DD,b39886caabbdc439,Tammy,Hoover,0916952880
lixiviate_Fib,a4347214e36a0933,Richard,Lowe,0955463964
unstarting_6vZ,811ce66a34e9fd18,Sydney,Davis,0995694492
worldlet_Jb1,2e95e0b9d4263758,Daniel,Lynch,0923585391
gaffed_461,8b8f9f985bbf8720,David,Baird,0955496199
preburn_dne,02c7d4bbd6273cd2,Gary,Romero,0905993970
unpeddled_mP1,20dfd34e8f49c513,Daniel,Gray,0967225338
tallowman_hUd,2c76555c1d0b50f9,Donald,Fisher,0965916934
phoenicean_hAZ,f270b09ed156350e,Natalie,Leonard,0979417201
macrophoma_hQQ,c8ca05ebe17c69ba,Nancy,Johnson,0917687112
yawny_UNC,c1ccc2b83ac7977d,Jon,Dalton,0926399866
orant_ZVY,e377ad4198b18a5f,William,Morgan,0950137202
satirizer_Qws,fd2b8e937e9acffa,Matthew,Reed,0935916281
uprushes_Mpw,9d07843ab98ab125,Linda,Christensen,0945704178
roscherite_2BM,f2cc9bff246761b5,Keith,Mcconnell,0944732165
pltano_8sz,47fed031b38c3745,Thomas,Lynch,0946555813
shorthanded_TQQ,8a5092597beb0ddc,Leah,Davis,0900107360
stanchest_eys,52c7326d31c9490e,Matthew,Montgomery,0989634706
purpleheart_dPP,1de03aa9b797ccc3,Karen,Hamilton,0970920781
biflagelate_J9X,c0f686dd296794a6,William,Bell,0943491623
invitiate_Ngm,9be320f1f5abdd7b,Jason,Taylor,0956677551
aphelia_eRc,fb8fde68abf2e907,Aaron,Miller,0970558187
liegemen_QmM,9463d08fe98efacc,Melissa,Roman,0946248855
excoction_FqR,58ac079ce1897b01,Kevin,Ramirez,0906272540
angiocarpic_byC,058777dab8ba9498,Jordan,Wood,0988131837
gnathal_t3g,4c112d673a58a206,Jason,Crawford,0952843443
camoufleur_KJz,1c80dca377fb9f14,Joanna,Martin,0901567431
ariel_5JO,11e12f7b7d2af53a,Jake,Snow,0967730751
rustlingly_tQ7,a265172957faf588,Angel,Adams,0927212366
helio_efs,b8f9ff51f9fd015f,Meghan,Sullivan,0994866031
joint_BqX,dbe03fc6349958ee,William,Garner,0944316478
critturs_Tys,edb3b89806440651,Robert,Bowers,0964314626
matricide_SKz,3cd555cf31f66b7c,Carla,Bowman,0932266250
premedieval_nuu,00dab3adb32bc290,Michael,Duncan,0981774944
fishbed_ard,adea0795670ceb76,Vicki,Simpson,0958705142
hovercar_X73,04e26c71e97c8caf,Nathan,Huber,0990327583
untimely_cjw,07e30be7f853b5b6,Kelly,Neal,0998941863
dinkiest_Mx1,7ef4c151b29d4ebc,Karen,Cardenas,0983800914
brocket_R7U,bb5ae5377368a83a,Mark,Hernandez,0938760443
hyracoidian_NEY,172e6a82bde4e4c0,Kirk,Butler,0990506370
wekau_3bM,b0b4b938c1698e62,Kathryn,Hammond,0962053002
kail_P70,569b9838b95157c7,Michelle,Nash,0900816393
svante_KPx,13ff37815bd9b5ab,Michael,Rodriguez,0985560952
vavasours_x7z,19e07ef6c3d567fc,Cassandra,Holmes,0960780135
protogyny_F23,7d79efaa7befaef2,Cynthia,Black,0911652150
williwau_Bd7,135fab8dc6e5b870,David,Ray,0918915147
shaped_WFI,37d839e8f6b0423a,Danielle,Davis,0933169002
mithriac_SXi,6383007b30692670,Danielle,Wilson,0913579333
acanthial_ICB,9655f739321819b3,Brittany,Moore,0950807951
amatito_0Pf,49f3536c1d7e70eb,Dustin,Howell,0969177710
chichi_F9U,9acfe42ec404f965,William,Walker,0994472818
cretaceous_VLv,4439ad63581d9b4a,Michael,Kennedy,0904045783
conversus_HTn,75bc3a876622f2ef,Charles,Smith,0965163387
darwinize_oVl,4102839b54974368,Keith,Lee,0966303982
bombardment_Vpu,4f3e5dc60dd582df,Mark,Jackson,0917019330
pipunculid_NXF,04d97ebf7bb85df1,Susan,Hamilton,0983856511
chocolaty_PaO,3502e82dfafe78d7,Benjamin,Martinez,0986480604
umpy_Cnh,c99852582831d3ff,William,Escobar,0912408579
fated_xej,fec8b18a169b4ea8,Julie,Johnson,0948601847
vitochemic_l7R,cbd3c4348b226f62,Travis,Armstrong,0912534810
initialling_v7Y,74092f0df84486c8,Ashlee,Rowe,0923076321
acmic_abl,e4bdd53450fd9ef5,Rachel,Washington,0986089170
bunkered_SAF,a4adcd23a1f60203,Sara,Allen,0963402585
ayous_PPd,7e481e8d0b3b237a,Sharon,Cox,0925120776
socratical_T34,3c8951a706664b0d,Robert,Rodriguez,0918725531
cuspis_koN,b6d187fe0cfb07dd,Chris,Stewart,0910818074
sirex_CZA,c561ef342f6a04eb,Michael,Anderson,0927598036
bimillenium_DfA,8133e416ac21369d,Christine,Cannon,0929749587
bromamide_Amj,aea4244427c18740,Gabriel,Mercer,0957978075
undistinct_KYw,53b06a9fad7e2fe8,Elizabeth,Burns,0923727645
uncorrected_ClA,773b23ac381a2b78,Casey,White,0906638937
chillsome_9A3,291f56b9bdb21fae,Mary,Roberts,0962214305
barbecuing_GzM,5c53cd74246269c5,Stephanie,Gonzalez,0929672152
womanised_MKv,b9e860bf1215158e,Melissa,Brown,0925543902
techy_4TG,5a0c612987b65f0c,Jonathan,Hill,0920338625
acrobacy_Zy9,670dbb4474391ff3,Cynthia,Patel,0948738187
vermeology_Wrw,673cf066935716fe,Daniel,Perez,0995018210
undevilish_e2d,f23d8c1f9901ff1e,Darren,Davila,0918686675
indicates_T7J,4d7c640d73b3a598,Danielle,Thomas,0932051721
imbrier_Cju,dc9f90387dbc9a59,Stephanie,Romero,0931321835
hauler_pBw,298a9224ec8f1f3d,Kimberly,Brown,0900883703
remover_oL8,d8133b3bdab70feb,Jennifer,Torres,0903585694
garfield_rIo,44481da6fe81a898,Jacob,Carter,0970321865
reptatory_3q2,4fc6fbf5e7756239,Morgan,Saunders,0956047086
egritude_z5p,bf8453c6dbcbfc00,Christina,Simpson,0971494039
flowerers_gvp,2c174c5e66342c78,Dale,Valencia,0978033696
peplos_ocm,64b2b50e736034f2,Barbara,Fowler,0911360399
overlade_ilG,3d4c135482ba2124,Elizabeth,Munoz,0962263294
canulating_Vpr,3af66b0a57acae96,Monique,Harper,0937017076
bumpered_fPA,36a905a14be11673,Julia,Anderson,0961404580
peoplehood_oIW,944f4d2cd977e8f2,Michael,Jones,0961275320
ettled_keS,dd718ba88ccd0f9d,Dylan,Kim,0957975302
cobbier_Rb0,4461a061a86a1cea,Erin,Ballard,0947907394
spinnaker_T81,b8bf98d5f30870d8,Daniel,Peterson,0956400950
codominant_ICy,6204a9b6e7c16bec,Lawrence,Carroll,0960290230
nonspalling_pKf,d1b847e1862f2603,Anthony,Holmes,0938872692
legatos_Ufg,5d31f980f32ade57,Malik,Allen,0959435618
enterocele_IvR,3ed3185e5c743f09,Jill,Zimmerman,0990262991
hayfields_s8k,da43df0d9245042a,Allison,Brown,0923740695
lyricising_HFE,74c9d561db902f35,Bobby,Kline,0948321965
eumoiriety_8Uz,ca2674e3050a45fd,Beth,Ellis,0967339316
sestertium_Mq0,f16b6d8f9a56a075,David,Carroll,0996211899
feedstuff_JSC,72a35f081cad02b9,Brandon,Leonard,0978090036
completers_b9L,008b385de591bc03,James,Brown,0911546202
poetastry_jha,1f9f4e5d6b5c2a1b,James,Smith,0990788892
judiciary_Hvo,fc07652601004a39,Kristen,Atkins,0982631603
pissabed_EnK,9bfe915da0030f8e,Jasmine,Hamilton,0987635546
leafs_pwO,cefe2f9899353590,Roberta,Patel,0969608730
prairillon_aAv,1c0168d9f4a6fdc7,Louis,Lynch,0969648781
subfocal_R9d,2a6ed0199550b987,Ashley,Lopez,0940865012
bacteroides_x2B,26073bc5c21a2464,Mark,Martinez,0923678444
bastions_dSW,7c4459730ddaedfd,Abigail,Wright,0914886817
grassiest_s5D,114e682015f8c6ee,Christopher,Ellison,0948590105
cedens_xFm,f46c1528c41b51c4,Christina,Rogers,0945810084
calk_ZSr,324a81ef5e315008,Erin,Hahn,0919821794
reinvoice_bOA,4c80968642c5a877,Anthony,Alexander,0978699533
minxes_ODG,c430fabf2b97e32b,Lee,Jacobs,0941694567
splenauxe_6uv,771adeb6f12cd2ba,Leah,Frazier,0919870705
squelched_Hon,0a47fde168b9c90a,Jamie,Dunlap,0922076926
automa_kM6,1e742863d36b1bc8,Victoria,Woods,0926979957
famille_wI8,dae39eea842ff545,Patrick,Wood,0913345335
gecarcinus_5W4,f6ba9055187207d5,Scott,Wilson,0907976023
salamanders_ERe,ed77d3a3136527dc,Ashley,Schneider,0933475064
vocalizer_oa4,cabc43f0befd8d4f,Jeffrey,Fuentes,0902812572
li_M6Y,f3e6bff843513217,Miguel,Pratt,0970027789
hesione_KdB,517c1f715f61f65b,Christopher,Paul,0970121679
cornutus_oeI,779e88bdd06374c6,Renee,Clark,0975378660
histed_Dyp,69ff2d584a7caaaf,Jennifer,Gomez,0973317729
palming_lUM,09fb8f16e88c9238,Alexander,Turner,0931837292
flancards_cTy,befadc8dba492139,William,Lane,0903953901
brindles_nmq,306fd40047cd9b06,Tammy,Brown,0907008147
subindexes_JkZ,d271ec46115f3f57,Erik,Peterson,0940289643
kasikumuk_VQx,78d28a996f24a71d,Haley,Tapia,0964667722
chesser_v1R,a0e6308e21e098bf,Victoria,West,0918432873
theriolater_oj8,d3ea40486a6f71bd,Linda,Jones,0961130837
flamy_BMA,105854033672f20a,Joseph,Alexander,0946702747
helplessly_dxv,a2990d84ffcfcf60,Susan,Mason,0958786976
fulgurantly_E8B,bbd7945d26ace1b7,Todd,Evans,0950176078
enzooty_R5l,9766764e2d9ff01c,Amber,Levy,0928801959
poisonful_gdI,6c2b7bb8bfdc94d6,Kelly,Kramer,0937936487
iapetus_ATG,9a2cde259cb25777,Catherine,Lawrence,0901419211
idiolatry_ZL5,7254583d7a2b3ce3,Dennis,Perkins,0927788745
bedizenment_B1J,76381720dd9fe09d,Lindsay,Jones,0967279585
cerebellum_qq1,2b1eb30530f63df2,Stephanie,Perez,0985486069
parlors_PRH,4aca2d3072c5ffd6,Stephanie,Bauer,0976853131
proteoses_K9q,567747784eec29b5,Richard,Lopez,0940409423
briquets_A4F,5d1ffd6cd117e417,Dillon,Kidd,0900927984
viceroy_FxT,55b3d06f5a1335d4,Amber,Baker,0943563579
cephaletron_iau,55f0003f6b632404,Christopher,James,0960397927
chese_KHh,46570b7ae3b052c2,Cindy,Kelly,0952383355
tsattine_yCE,e8a4025e99f08d3c,Emily,Callahan,0995703969
clive_dXA,32a00787966eb6f6,Courtney,Hendrix,0924853241
locket_kTp,68ad656bbdaad20e,Nicole,Nichols,0943176403
epistoma_Kos,2becbbf28ce3a655,Ricky,Daniel,0909534812
bridgehead_SHZ,009e1385178bc4ba,Bruce,Burton,0937783775
sheatfish_W0s,973158bc05e2b235,David,Simmons,0969153603
naren_ehy,051291451c523126,Austin,Keller,0942007922
haranguers_eCn,47acbde06d06bd64,Paul,Leon,0960641783
orthopedist_54X,b62c4f49769e0fac,Natalie,Beltran,0974972068
creepiness_f5F,2976a8195bf00f3f,Sheila,Brown,0930172405
inirritably_g2H,e974cdedf2d26acb,Michael,Watkins,0963290728
synteresis_HKo,4ae6ca3c081b460c,Christopher,Rogers,0981810127
cognomens_EyZ,ccbfa1964d8bec42,Vickie,Hardin,0991279192
fuddledness_GqF,04211c31a899c445,James,Sanchez,0906631500
pussyfoot_VWK,9db8b84c181fdb5b,Barry,Caldwell,0958959227
soils_aCS,2f5bca0e62cd65d8,Peter,Barton,0953714561
scriptory_22k,cde749c5057318f5,Matthew,Dunn,0944495261
scythesmith_fof,258cecaee8f44713,Kim,Miller,0998833527
caldadaria_lBw,90c8c1a1f24e9d92,Erin,Ward,0947462349
memorized_FPS,a944ab9a9dcf4ac7,Julie,Brock,0956263431
brawnedness_eZh,56e8799177f1bb3a,Claudia,Ray,0994799474
hitcher_CB1,a5ec3066debacf48,Gerald,Fisher,0916399693
prefactor_uti,b9ad6304c235b0ae,Michael,Glass,0931948083
cowtongue_ZuO,a4af386c5c31ac68,Melissa,Wells,0912352939
dimyaria_IlG,b3eff05138b6db8d,Robert,Romero,0990666557
toret_lqi,ba33e95d20841b66,Tracey,Ortiz,0920664380
dropworts_P31,394adaced3035de0,Maxwell,Richards,0969283031
percipient_VSX,added00491ddb043,Howard,Patterson,0975250421
apinae_wQc,8fdf1ade00608384,Steven,Wright,0953803517
rampage_8w5,3bbb96967cc6aa90,Zachary,Henderson,0985133924
centure_lBY,3576065b964c3f00,Randy,Hernandez,0907089227
prisal_Fvb,2cf11bad262f9a70,Mitchell,Mills,0927110067
eohippuses_oJp,ac6273fea00efc4e,Matthew,Edwards,0954788359
microthorax_B3Z,742074c390ed685f,Allison,Harrington,0967718938
chippies_kId,8403797098f4e548,Matthew,Mahoney,0908060037
abaculus_GsJ,3ff6147042fd1b3d,Erica,Serrano,0900639542
sevastopol_LoP,98d7c0220c37b650,Michael,Torres,0958035693
dreams_LPH,fc540ba0bf6aef08,Sharon,Thompson,0993216176
slingman_B2i,00a2459f5057ab03,Jeffrey,Rodriguez,0934747222
silenced_DwL,7f9c7ff0b0f5eb64,Thomas,Singh,0912502750
prefinish_L4r,64d9d4c54ea81556,Scott,Gregory,0905896651
hurricano_PWb,74f174eca871b35d,Amanda,Walker,0960090205
koromiko_6SW,67a2a0102972fec3,Zachary,Walker,0970854754
jazeys_s6k,ef70174b147fac33,Nicholas,Duncan,0966292963
mutually_6Th,555384283884f5de,Adam,Smith,0941151984
murrey_khR,179cf791a36c7080,Amy,Cain,0950985872
howitz_O8w,7c9204e992ee53c7,Paul,Gomez,0998623671
reatus_CVu,d259fb91a3601779,Kimberly,Thomas,0999171761
tetrol_IQt,a48296a8701c081c,Steven,Mcdonald,0902683808
solicitress_N9O,9f1e23c3e07ff3e4,Melissa,Spencer,0970342039
perlustrate_J0h,3458bfe2c7874d94,Angelica,Mcintyre,0976799206
brimfully_GkA,94bfadad21c5fdd3,Travis,May,0940300342
dearer_mUA,4d8774cfd0c872d2,Dawn,Parker,0963250376
benzanilide_TnL,303c2372dbad0d56,Kenneth,Ruiz,0954514101
townie_PUo,36bf14a8ddfddc6e,David,Brown,0969763004
smeuse_rg8,6b3022cde78591c5,Emily,Cooley,0917541388
gemmologist_lIm,2dc423db64e28d7c,Alexandra,Wyatt,0969036116
provisor_TUC,518b59c6e209c6ca,Chad,Mills,0924201556
yogh_1mS,c790842d28f703ed,Tiffany,Davis,0902344256
underkeel_oim,a8398a14e26ed0f5,Troy,Thomas,0971946109
inemendable_Duk,a3ce2d867aa7ea39,Aaron,Barton,0926624061
pugmill_cAH,15c4cff38f4632c9,Daniel,Vasquez,0930457555
cogmen_LRN,da9516714bdb5798,Joanna,Christensen,0972572867
aliene_kzR,6635bbcf112ac1ec,Robert,Clark,0914052166
drouked_EEw,94bd0b95766440db,Christopher,Walsh,0952357345
carmines_tcm,fe24c4bb5d8ffd76,William,Patterson,0949861674
apotheoses_3Zt,d975463418891aa8,John,Saunders,0903214308
pavonia_cTT,172ab468b0c1293e,Wendy,Kelley,0911729482
warerooms_06E,767b1c60c72e442b,Brandy,Gonzales,0916157452
innumerate_r9s,5b4215974bb93d4c,Kimberly,Luna,0917578077
upwafting_Uuv,184df3a6d2e4231b,Stephen,Payne,0984636400
suspirious_rd8,471b8f95189a305a,Courtney,Mahoney,0993363204
untrusted_Y42,c54649596d1faa13,Kaylee,Reed,0993042169
sarcoid_H7a,2bef397dd2534f43,Henry,Nelson,0958126344
loves_Dhm,0d6b91edd9790ff7,Brandon,Adams,0922376163
mesothesis_vxY,23737d15590624a7,Gregory,Cole,0947765110
pavid_e8G,ab5ba3d4bbdb443f,Jason,Allen,0903068022
carshop_4Rh,9d9f71a61ebe97b7,Brandy,Black,0976722349
entomophila_fmA,8deef9140c13b89b,Heidi,Ware,0942675006
baronial_on9,46d05d3108669547,Julie,Ross,0946368049
esdragol_sns,e9f97de7f520da3b,John,Pearson,0937123141
uncramped_FVz,0b567e6ef0438c4d,Melissa,Carney,0914130648
camphanic_zc4,6932a65f05985faf,Jade,Phillips,0950848967
mislay_QUR,b18c6333cd4d4be7,Jennifer,Robles,0948957668
cordwood_uVg,57a8bf8207736e5d,Caroline,Miller,0915656846
doublegear_3yf,5a9289d892c2b1f1,Daniel,Long,0925781988
circocele_JX9,5d953dd84575e41b,Emily,White,0971057126
wafd_WF1,c4dbd4fe5e5db403,Hannah,Romero,0907919155
graptolitic_Mx2,4194b2a424208751,Amanda,Smith,0904900847
germless_ETi,b9a67f1bf4eae9be,Robert,Frost,0927707776
jitneyed_RYH,387954354647f528,Grant,Rodriguez,0969161822
soapiest_WNu,146f1a30856315e5,Gerald,Murray,0970670928
trovers_z8o,129a143213c914bd,David,Miller,0994987614
theatry_EpR,a39bdc7506733a03,Valerie,Bennett,0928772286
endocrinism_E1q,5fca2c27a4213c5f,Nicole,Dixon,0985113315
unstyled_Z0n,ddb37d10e8731c09,Wendy,Collins,0912407727
deface_lyw,edfede2a7c81ae3d,Danielle,Baker,0925671201
effluvia_H54,98aa552b163cae7a,Katelyn,Brown,0954133119
duler_vtU,ec22cd853f99dfd3,Dana,Ray,0968653654
progenital_TI8,c34fdf35e06b4dda,Ashley,Cooper,0942550197
alex_0wL,da5fb377e8089a8c,Christine,Price,0905280436
deliliria_2GF,0b4c957309b4dc7a,Susan,Davidson,0942685673
sacredly_nLg,989d6b0fb7a41af7,Terri,Foster,0962005089
setulose_iKC,d9396452142d16c9,Shane,Henry,0935233940
greats_rjc,4eaa1c9765e370a9,Selena,Huff,0966541211
integrate_Ur8,2707ed741b49df26,Laurie,Garcia,0901650960
adread_dsK,70d5961aae9b2a45,Christopher,Burns,0957395404
belies_kQt,20075bdeb0d1f51d,Kelly,Leon,0910416092
paravesical_BEZ,22cfab9cd7e2506b,Theresa,Davis,0998608885
ancylus_j04,a14412626e82bf18,Rita,Anderson,0949349671
unliable_4qG,b2ea3cbe210919bf,Karen,Ayers,0928671209
downbent_mU9,1518bd9cc7fb9992,Shannon,Crawford,0984411366
unvalid_okp,de085d37ae31f0f8,Richard,Gaines,0947466402
jehus_bSa,f6157180b1dc6f81,Alexander,Carpenter,0982645686
passgang_3aM,c86e6606d61e0dd4,Julia,Norton,0959266987
drizzliest_6eA,79c9d7247f8d168c,Lawrence,Weber,0960147976
undisrupted_D5n,f043349e8dd2cd91,Michael,Parker,0903944444
maddening_zmn,149ca2e38d56fa3b,Vickie,Wright,0939719970
ducs_Bux,ee35ffd8bab704dd,Andrew,Hunt,0947996295
purvey_EGk,11974608f437f557,Michael,Pollard,0989496940
broodiest_JyZ,72d4eca8ab1bcd0c,Mary,Luna,0949036298
amphodelite_V8m,c0ee8dfaa8c1a830,Jennifer,Patterson,0983544189
packets_DPN,486711fc5f262d37,Jeffrey,Hurst,0915763119
ubc_UfR,4683920129808f40,Natalie,Schwartz,0901747909
keryx_slX,671f4ec3e426d597,Jodi,Richardson,0932700000
trichauxis_GmN,bf36b6057ad7b4df,Caleb,Gonzalez,0951508735
pots_lDl,5dad5c5872a63c3e,Anthony,Duncan,0901850997
widders_UyT,1a51e715f1cb4af8,Wendy,Gallegos,0915364996
eyren_SK9,d030366853d36ece,Shawn,Long,0933236289
foreface_f8g,bdcf533be986dd43,Donna,Johnson,0905865430
speece_sxF,5ef92a4936b86237,Heather,Anderson,0986164947
lemnisnisci_9WD,f3f308f1cb0da828,Brian,Sweeney,0972592499
fagottino_BZQ,052822876324e47c,Scott,Thornton,0958541361
neurocoel_2wD,a0c1df039ba9ac26,Sarah,Scott,0947995949
chomp_PGe,c0fd22e8a4f451c4,Larry,Williams,0986856530
weiring_NQO,ecdc065de4697ac1,Joel,Rodriguez,0942297904
endodontist_MhA,646cfafeb91fb2c8,Cindy,Galvan,0907226145
lineate_Q7p,0dfd4aab2c83cfb2,Laura,Reed,0976745290
anorexias_yx6,b62249a538fcc6f2,Steven,Jackson,0923193196
andoke_ZGS,66482ad0e3fdfd2a,Amanda,Decker,0940510117
rupee_9dX,07f2c1a5e53463a5,Nicholas,Crawford,0903202213
parent_YU4,90c5a4381939539c,Margaret,Cherry,0916710512
sarcoptidae_VJG,d83368aaf77ffffb,Christopher,Aguilar,0981524919
epibolies_a34,7d96c845aaafc3b6,Paige,Baker,0963027235
matte_YfM,1bfa1d1d1e7facb9,Peter,Carter,0974055994
escapage_svk,a5fa157f90f641ac,Samantha,Day,0914917374
horselaughs_RWS,8f4a2e9581071c29,Connie,Skinner,0984484693
pronaoi_hFf,5478d6abb0f84328,Carrie,Woods,0958558309
monophagia_7Xc,bfee953ac3407dd6,Kelly,Soto,0945585569
homosphere_HTi,1d32f36bf96c9cc8,John,Moyer,0947933498
brandishing_BO2,237d58bae47f7d41,Sandra,Thomas,0985022779
outrung_xDN,3ed9605a66c3f716,Christopher,Washington,0948967151
yojan_Hdt,f831e2f34f045f4a,Jacqueline,Eaton,0930462623
ghastly_WQc,c68d2943e13dd1e0,Theresa,Hernandez,0959442594
divinations_EUY,091dc0ab39f47370,Robyn,Estes,0937553827
naloxone_aB0,6c119e7ada811353,Adam,Thompson,0927086763
virtualist_JGC,6444935384188711,Troy,Adams,0944483933
goldarn_sc5,46e42b17d23b0b46,Alexander,Robinson,0989247033
monoplegic_PHk,230ea0d55820c90e,Jerry,Jackson,0943365669
provent_hRa,b5aaa4148f17f187,Joseph,Salinas,0944226757
kevelhead_tL0,8fbdd90d22df1da6,Jennifer,Roman,0927917260
antiacid_9J7,567ef2c99c69b135,Samantha,Hernandez,0931480167
myristate_V8H,7a9df3b09c42d4aa,Diana,White,0998583334
abigailship_zAX,806c21e1133b6055,Larry,Sharp,0966136982
irritations_J0o,87b95d768d98413a,David,Gibson,0930705927
giinwale_kFv,9888a0205f568cd1,Brenda,Lyons,0945973014
shammied_DwK,9befa708063aef11,Mark,Li,0924410037
chaetetes_Ixa,2c6c6542af9d61cc,Eric,Romero,0923538220
omnivident_TF9,6c3fe60be8c42b19,Amy,Bowen,0966458206
enervate_fqS,d6aec93fb6fa5cd5,Stephanie,Callahan,0975839460
hailproof_bm3,8fe1d9d8ee543d9c,Tracie,Davis,0956350270
wytes_MfD,ec900d098e5197cd,Matthew,Randolph,0908924139
denuding_Xh9,d0ba95636bed6286,Nicholas,Kaiser,0911022254
mistraced_pV7,dd7f01546c3b3ad2,David,Paul,0947688818
perceivable_9Vg,d9b5dfc865a319de,Gregory,Sullivan,0942500057
reflying_DBu,86c94c949ce17cba,Diane,Duncan,0986359726
breeks_eNo,3d1946497e956d5e,Cody,Moore,0939331354
overurging_nRE,3aa9fcd57649830d,Anthony,Coffey,0963617093
unconducted_vAn,1aa3361015fde3ae,Barbara,Foley,0990894467
cordery_EBR,fdca23b32e922ff0,John,Phillips,0957936789
salema_aFj,8e9e1754e6c64413,Vanessa,Herrera,0923290862
gladrags_FWc,d2b31f0cb82361bf,Cheryl,Henry,0947409094
platytrope_X7A,11350809e5103fb3,David,Johnson,0915260341
carroon_w9j,911ad16ec38f274a,Andrew,Tyler,0948792239
decast_Po7,92aba3ad828a9e5e,Nicole,Harvey,0955885550
cordula_keh,0e975e31b77153bf,Derrick,Daniels,0969789236
rubrisher_eW9,ffeaa7d18e7d42b7,Natalie,Thomas,0981141514
dipleura_gQx,ffadd762b32f30f0,Steven,Knapp,0978171823
waviness_P1k,c5b25f96200a6e12,Melinda,Vazquez,0979022627
ramtils_YX6,a893bcb0cebd5e4a,Kim,Smith,0911887774
fireboy_WBq,e17bb9c2ce94e410,Danny,Richards,0934158562
lars_8IU,3199bbdd21c212ff,Melissa,Oliver,0924586160
andean_F7i,a2699cf2a33da068,Amy,Johnson,0935132962
meleagridae_YUT,b39bea2a7d6193bc,Rodney,Brown,0962480205
pilaster_Ftp,58b9afcdcb22547f,Stephanie,Thomas,0905910807
charadrii_Doc,fd0d72de55070926,Steven,Fischer,0900750645
hambone_Yyd,f956168c3d7265d2,Daisy,Logan,0938391583
daleth_Sku,ee36acffc88d6d26,Crystal,Wilson,0913523480
injust_bId,6ca2ed3cabd6306d,Laura,Key,0935674986
phloridzin_dmE,adf6596553da6906,Sherri,Harris,0950702599
kodaked_irb,5260a1f3d3698d72,Robert,Wagner,0914345894
brooklynite_GgP,2cc02fb5e32d4f80,Sarah,Lee,0936638634
alay_tcl,f8d4778990fb7163,Jacob,Williams,0924410170
caned_WNk,f4f20f615e144c39,Latoya,Hayes,0914841362
petrarchism_BZr,6a5c42d4b2419efd,Kyle,Roberson,0972301144
stipitiform_2TL,5a8c9dd92686eae9,Ian,Myers,0992673562
sennits_KgP,9893d424c0cd88e9,Rebecca,Williams,0999969515
abbaye_ykW,f97998c3cfecb06c,Kyle,Wright,0939372425
tittery_HZQ,4d7550cfa640f742,Angel,Ramsey,0902875549
grapta_2Mj,41decbb745573e33,Cynthia,Walker,0967265769
novellas_UTb,09bb0211603e4d67,Kevin,Cooper,0999186672
killjoys_sMP,56191159fe8bf78e,Heather,Griffith,0954503964
credensive_We7,6be1b7a62f804ea2,Daniel,George,0972463997
phlorol_OIH,a22e398cf2c8a04e,Ryan,Brennan,0980902495
lobelines_a83,10638af5c143f188,Diana,Hester,0933302708
unheedingly_NMo,7ce4fbedb28111b2,Joseph,Mckenzie,0907894956
outmarches_Yt2,943c2a64305a1591,Mark,Gonzales,0993915081
shocker_REo,df85b9cfcb37d2a7,Robin,Smith,0951611017
assurable_HEA,5b2c3e16ba31f46b,Sandra,Dougherty,0932165861
forlane_kie,1ef5ccdae9c89daa,Heather,Lee,0963028422
gloveress_aCy,3cd73692ef17ac4b,Michael,Mayo,0946118831
scuddick_U7Q,3db04abe40410feb,Jessica,Gilmore,0953312427
exchange_PRJ,22c986fbe6316aa7,Troy,Wallace,0985245637
guidons_vDh,4daca531290327f7,Derek,Hamilton,0978978198
buckeen_2RJ,c8b519eee5a4ec82,Stephanie,Fox,0996908353
unjustify_5DY,b7c3306c00f8d668,Jeffery,Robinson,0911359458
ethidene_x6O,635f219f5feb0c06,Jean,Yates,0932856983
cataphoria_MHZ,5058c5994359d6ad,Regina,Harris,0992780810
intl_d57,beab70314300f8fd,Dalton,Ramos,0971874772
rotometer_mWT,117da10f8b574c2b,Joseph,Craig,0949077381
remarkedly_cBL,4621a2891d6afee0,Scott,Kim,0913284467
coacceptor_ea1,60da20150016d2d2,Cassidy,Stewart,0937942123
oddsman_9UN,32b9ee5bcce7c00f,Aaron,Banks,0992805277
evasible_N6U,6322fba9315e60f7,Stacy,Wagner,0928619171
somersaults_8Em,d0009a308f3c529e,Kenneth,Johnson,0962056365
reprimer_x6e,ce569fece47d446e,Seth,Cervantes,0988878089
asniffle_7LE,e2530d1cbed3796b,Robert,Kemp,0952601329
pantotheria_VpJ,a352b9066a2555e7,Steve,Spence,0955692973
henwise_DIi,cc88e0da6e95cffb,Samuel,Smith,0935319859
wordlier_TYC,6e52111cfda1205b,Aaron,Frazier,0980520030
podex_2HP,ba2d328f602d9f01,Andrea,Johnson,0963089652
financed_kN4,149b3496e613c033,Jennifer,Hoffman,0900981554
comped_maA,d171b055b89309f2,Denise,Martin,0942599546
bakestone_t9r,b58725247b8a32ca,Justin,Cervantes,0911474735
rebandaged_9Uj,32621866fbd2a854,William,Robles,0901985205
capelet_UZ6,49793c2187361c63,Corey,Mckee,0941077993
monitary_nQG,2c4d1514e2f5f1e3,Kelsey,Beasley,0912665572
stylets_idG,eea4ecb4d4af2c76,Joanne,Warren,0920876680
smalmed_6OO,bc21773902dbc155,Charles,Richardson,0960533048
rhodonite_1ua,650b1787bd8f920d,Kathleen,Wood,0925949958
enlargingly_fOS,ee076ed524708fbf,Jason,White,0936926995
pitarah_2t0,f72a3a6ba142e2aa,Brian,Franklin,0946095453
victorfish_L91,fe76ed1fb9da71ea,Samantha,Barnes,0942194936
tricorns_5EE,363b940df462b9ba,Daniel,Douglas,0941949787
salvias_trz,9881b66b1a9bea66,Brent,Mcdonald,0950811993
aerophile_9TD,7d279ea156b036e2,Kelly,Munoz,0960485145
moisturizes_SAI,f7df0ea99d302933,Lance,Ellison,0952364948
rebbe_sJ4,c8ac802cee8dc02c,Richard,Banks,0943163553
telephus_8xZ,5254f424915da59d,Sandra,Mercer,0922981685
grassant_DpD,a69e92052b8dee69,Samuel,Turner,0934108777
haick_vbc,5c08eadc39233389,Susan,Copeland,0986394975
recites_u9U,84aabc80c4069a50,Adam,Mercado,0929770203
colaphize_CZE,b410dcd7120479a7,Shane,Sanders,0999506627
sextar_tMx,7474d3636353a0e0,Xavier,Hansen,0970748934
drch_2Y9,60981415bdf759f1,Brittany,Conner,0924690303
alalus_73h,19144a341141aed7,Elizabeth,Tanner,0982792584
tunicles_Ier,b15defe1cd19cf04,Luis,Gross,0973394006
uncheckable_rfV,e636a325173fd50e,Jacob,Sanchez,0962407428
ungive_wHm,7addb776611ef174,Frank,Montgomery,0996770220
brandies_PB7,30264676c9f44b99,Melanie,Wong,0918239829
pinabete_TSB,de9b0a3e00613640,Benjamin,Levy,0971324907
untedious_NGS,d8a6932aa82470e4,Breanna,Jackson,0913270920
mealproof_Ff3,2c53656951473142,Kimberly,Romero,0926266830
crankshaft_w7r,0d73f7109fdb24b7,Richard,Murillo,0945028747
paupering_I1t,65cef656b2fdaaf6,Erik,Blackwell,0934186192
cerebralism_gSB,e0ebb5152fab8531,William,Martinez,0914437451
caressable_GiX,a527d017033ad378,Diana,Lee,0942459248
resonates_jIy,c7ffc05a8b3da4fe,Stephen,Hernandez,0974072309
ambuscadoed_8OS,7f914614a7b9d704,David,Duran,0951432422
germifuge_wpv,2d6dfded9f38dcf6,Courtney,Reynolds,0945912578
remontoire_XyL,a8a5feea262132b1,Patrick,Hopkins,0993258865
goosefoot_59P,02c71faaef0bb68c,Thomas,Williams,0931560179
loculous_7tp,223dc8bad1ceca61,Darren,Thompson,0934640303
otariine_HRV,9a571dbcaafbeaed,Arthur,Jensen,0991071572
sigger_OcS,3fac9ac2c98264dd,Joseph,Yang,0945116857
hematogen_tHH,b35375f778108fdd,Megan,Terry,0941302235
shaslick_nQS,d0351e0ad0b8c94b,Charles,Smith,0903979492
bacilli_Lxd,00a61b0456c9284f,Joseph,Daniel,0920211153
detecter_seW,18993fea4de6fe41,Cynthia,Garcia,0929256926
ritalynne_7Fq,0b934db03a88e56d,Eric,Murphy,0997175931
thuribles_F2O,f4cdf697b72c6e82,Jeffrey,Martin,0905083825
sahuaros_DgN,73e798ff4b734405,Annette,Ellis,0963320408
bullish_ero,3b9821bd0badcc8d,Scott,Martinez,0960445275
saice_DQ6,2d46fa1de5c97795,Edward,Hawkins,0968951943
immatures_3NK,e5e724812017a700,Robin,Hawkins,0955792500
tridecoic_Wks,30e9d7b53f60ee9e,Jacqueline,Jones,0940906771
motiles_Uf6,b713ac2054e8694c,Teresa,Ford,0952349588
fatlike_9fc,551b570dc027e882,Katie,House,0913559931
packnesses_3Fq,398eced7e3bedf30,Gregory,Castro,0911562182
zebu_S1w,2908f70444a16ccb,Daniel,Blair,0964027266
wartime_BzZ,bbf007891c883c6f,Kathy,Garcia,0902091918
sawneb_x6m,f443e5644f79b789,John,Ross,0909636850
benedick_n34,beb96528f0280dbe,Candace,Smith,0984875193
sequela_Z4v,fe959661877cdd15,David,Gray,0978726675
mongreldom_8Ic,4fb6e9f9e38aaec6,Robert,Wells,0974688655
unremarked_8ku,a3747eb1897cc6e7,Stephen,Garcia,0952352887
laywomen_Cmk,4300b388ff45046b,Samuel,Gomez,0916489332
sufferingly_7oA,1965f57979ac52aa,Maria,Peterson,0968003841
alulet_1Xj,56766f66de2ab4aa,Kimberly,Hayes,0910629975
zap_DYu,5bb46b318c1d684d,Donald,Lewis,0952212278
organry_BCa,e7d67cbe2d430678,Travis,Stafford,0980451831
proffers_yR9,7efba36bf7b3dc39,Stephanie,Phillips,0929912885
anisilic_sJg,9285420a08b4c5c3,Michael,Williams,0903523195
schizogonic_JaN,3fcf27801381c35f,Lauren,Lamb,0966461427
proreption_HCR,2e87f417ee0e2a9a,Scott,Davis,0987782198
eulalia_diO,310416dca35077d4,Russell,Henry,0982191468
theophorous_nyi,d571ac517b3074dd,Daniel,Gay,0979921319
fumelike_5QH,54e246e391cb6fb7,Jessica,Cook,0943793652
bredbergite_OdW,a89551296d1430b0,Leah,Murphy,0985302991
cymophenol_KbN,a9bfad78697d7dc8,Pamela,Rubio,0912616982
reflectors_GCC,0e208cd67bf04b5c,Rachel,Rodriguez,0934761587
posthepatic_wTf,269a5bed7ffbbc31,Eric,Thomas,0902398207
recherch_7aR,7742e40d04fef3c8,Kimberly,Walsh,0946214812
allaying_BpB,20a5fb690bc07e82,Eric,Nichols,0906619706
bonitarian_YyY,2dbf7b82b6cc297e,Lindsay,Perez,0900888313
vamoosing_qub,b6d2bd2b458096d0,Elizabeth,Brown,0917157600
linecasting_zGk,58c5706891da4f6b,Kenneth,Horne,0909891875
tasajillo_HoZ,e4bc280e03d8ff60,Meagan,Green,0944216672
bretwalda_OQx,532553dc642dc195,Darren,Mccarthy,0970827819
squirming_yHf,7fac61fe2b8439ba,Michael,Morales,0966499431
keeling_DHC,ea37a09e856390ef,Jessica,Richardson,0953461419
rattlepated_aif,8aafb3eebb865015,Theresa,Huff,0947759925
polyacid_Z7K,46a4c09e20446333,Kevin,Wood,0969273128
discolors_QJG,a507500d4a198601,Annette,Hawkins,0964693960
ookinesis_U2h,06d448cc9527b998,Kristi,Lynch,0990358667
mirzas_Ltd,4caefb2415818a92,Courtney,Clark,0978407484
rockelay_HQl,b7a485cba0f6a411,Michael,Davis,0922666087
inkweed_GuD,f8378283917ade56,Dustin,Oneill,0983393075
quality_AzW,bf68f8ad0e4739e5,Bradley,Clayton,0929287749
usable_t6K,c0a9c461402fd6c3,Melanie,Moore,0926283177
tenutos_bpu,2da8c2ab99fffccd,Jamie,Sandoval,0969773800
flagged_5U3,8977ff6491483f8b,Keith,Johnson,0962355874
slivery_UMe,63d2a33358fbfb19,Richard,Weaver,0901254747
semicheviot_PbW,96e4b9fb1f746959,Pamela,Rodriguez,0961190701
cursitate_FFK,2096e079b7350baa,Joshua,Massey,0921607235
lukewarmish_dJe,aee7d90d081d1beb,Meghan,Flores,0905915121
aspiration_Ubt,739ad4da4150e92f,Frank,Thomas,0950108664
rumbaed_lBD,b1759eaf38d94d24,Steven,Smith,0926566953
tanghan_fXT,0337463f14eae2d4,Dana,Peck,0986379028
cingulated_qGp,d1c8229a6a2f2943,Aaron,Brown,0938329722
scrimshandy_FxZ,6d1d56c0388b8711,Andrew,Cole,0965093931
syndeton_CLh,be452b2a0a68d4c6,Adam,Moore,0983077897
iriartea_o2Q,97e97e56f22fa2cb,Katrina,Mccann,0917503404
paxes_ivm,1409ef302bef739f,Derek,Erickson,0984079213
heavyweight_TGl,899a45ff81aaa540,Amy,Martin,0986551126
drumfires_GrX,10565b0dc99e757e,Ryan,Miller,0994370012
amu_Ttb,72355b3c07fed592,Chad,Gallegos,0954746697
saucerize_SGC,5d72ba989ed79a6b,Anne,Solis,0942212950
arbuscular_Log,1955d88e2393aa84,Tyler,Guerrero,0938268707
jovy_3UO,5f928bc2dd80958a,Michael,Smith,0996408952
canalizing_sOj,01b3d8ce7813f84a,Luis,Collins,0912252904
groceries_X4a,292050d975bef012,Abigail,George,0953979829
kornephorus_R4w,6513a9a16d0dc090,Tanya,Gordon,0999478777
mimetically_ZFp,e71a292fd8886004,Rebecca,Lee,0902115139
bonduc_hZm,5c694e29a92df5ee,Shawn,Sanchez,0919581043
pant_f7w,d494bb7a66f026e0,Diane,Kelley,0975642552
mannoses_wCD,2b096e1e6c99f2a2,William,Cain,0932076422
clip_kDS,24fc64d2d2ab29b8,Tina,Elliott,0964443879
poristic_Tbt,5a658779c0b675f0,Jose,Edwards,0937868288
tonger_Wug,88296cb4da3c6278,Alexander,Walker,0924243978
arylamino_yaE,241e1ea1fc486d4c,Michelle,Gray,0978970290
baggiest_i4t,126124de2e6fbed1,Amanda,Robinson,0997967531
scirrhosity_1Og,212b356e6fe25bcd,Elizabeth,Cooper,0952589328
ketonic_zmR,cd0821768b566446,Cody,Christian,0960149427
humpier_j1T,52861f52af9d6dc8,Christine,Walsh,0988950118
heeze_JdI,fbbbe05d800496b5,Joseph,Velasquez,0936371742
holoclastic_mr6,3eb04bea7525c96b,Taylor,Larson,0960559218
fraggings_fa3,a0677628f2a6af93,Blake,Wright,0942183672
gunstone_G3F,6ca6688e61a90a7e,Amanda,Berger,0936628274
petrarchist_FCq,ce63bef133198c8f,Michael,Chandler,0946871510
adverb_HBU,486fd5ff93493e95,Pamela,Brooks,0928895612
diascord_j8W,a473988ef3d4cb09,Kevin,Fischer,0925289765
ochozoma_yIS,40085048c96aea17,Jessica,Compton,0970124352
cuissart_DgR,dc829b2efce98bbc,Michael,Rodriguez,0973968160
landesite_YTE,bd171dc4339da97c,Kevin,Smith,0928400252
bolsterer_ZBT,1665ca215cc9e8ec,Alan,Reese,0999167139
siliconize_ZvQ,65ed42b98c834506,Cynthia,Mcknight,0942871854
assurance_H7J,96a0da72a5808d9d,Dana,Moore,0903898038
cloam_C76,05be419db71e8267,Elizabeth,Bradley,0902258000
chaetognath_2rj,d7959aa7629c944f,Nicole,Smith,0988017547
scanted_3sx,2eb26eff59a08823,Travis,Ford,0932304551
digladiator_mRD,791dcebb45caf99c,Derek,Strickland,0923949813
trachling_I5a,fcc77114000acbdd,Richard,Marshall,0984359191
udders_F9a,cd719c07c346ffab,Molly,Tyler,0980663871
orrow_8Mq,de3605e28faabcc4,Matthew,Gonzales,0911163438
volcanoes_9cQ,6e2aff0801e87581,Mary,Dickerson,0913021037
wordbook_KvD,92fc8e5a21b8fd52,Donna,Martinez,0918007782
uteromania_p1B,f58c3b605f47c9e6,Andrew,Ramos,0903129364
wormseeds_bHE,58ec78bb185ecbd6,Robert,Lane,0985602125
predefining_SWp,a5bad8b4d82705f2,Mark,Decker,0925084897
outbolting_r4I,f11d247ea1199dd9,Jamie,Yang,0916446468
dietzeite_60u,20aa797dc4d498f0,Jenna,Wong,0956083202
spurs_IsV,226c7ea39c81a5e3,Susan,Jones,0900002836
muddybreast_69N,6f3d56192440426a,Tammy,Alvarez,0977956988
succi_Yfe,ede2e8944034e6e9,James,Cochran,0958332922
atlantica_W0N,82309ceeb599917c,Danielle,Walters,0976297959
cinchonism_PAd,9b9db3135a66b184,Dustin,Guerra,0907738518
inhaling_Scj,79101f843242111d,Brittany,Woodward,0964560463
kirpan_rg3,607acdf50867966a,Jasmine,Delgado,0918204189
parachrea_WyG,a1a81a89f45db525,Timothy,Jacobs,0977050189
ovivorous_ZfQ,97186a40a3acd4ed,Erica,Becker,0987393386
uncoffin_pIX,289a83bfe86f33f1,Linda,Henderson,0982907331
janizary_FZm,771b0e6355f78c55,John,White,0901374868
jnanamarga_SlX,7860857171a7974d,Nicole,Robinson,0983907449
aureous_3e4,4a446267eb3aa13f,Danielle,Yoder,0975255937
cread_YZx,37393dc2003c3e33,Beth,Martin,0949279183
gilbertite_6km,f4c9d5ff06b701f1,Stephen,Jones,0959273667
reliantly_2rs,67edccdb60ac1333,Brian,Cobb,0914294315
unruliment_Ngt,fa86b664c03ecb39,Jennifer,Smith,0985026991
jeopardies_6je,2b23d773d12f7539,Monica,Nunez,0927042337
seahorse_WWI,d679c7b48b29ddb6,Angela,Smith,0961388407
nonpalpable_3O1,c0fc48913bff8405,Grace,Martinez,0988628438
wiikite_ctU,2539bcac0029fe88,Brittany,Hall,0976699652
hemic_QGx,f6d5b71c3734a9ea,Sarah,Garrett,0948001383
unwater_z21,f68a70fecf77de7c,Johnny,Rodriguez,0955656841
epitympanum_Kd6,a7bcbcbe93f7a9cb,Linda,Hernandez,0988587156
weaned_h29,db464cf2e06f8b7b,Devin,King,0924733851
shibahs_6vr,afc307b0ded18207,Kathleen,Smith,0912456069
bersiamite_ezI,8b1bef14ef4a1941,David,Williams,0956586717
outwished_QgY,91958ab4ff09ec7a,John,Lawrence,0990497662
ikons_Rk4,ec9b7337923ae35b,Kristina,Bell,0924019625
freudian_76Y,a778aea76f821dba,David,Roberson,0919357764
siss_Mnd,1bbfef76fcb47739,George,Herrera,0955256096
rajarshi_5Yg,95ce8664fb5c1b2f,Eric,Romero,0968375736
shippo_JU6,2c4d7e75f0262e25,Jonathon,Holmes,0942729140
entrochite_XVa,8434c19962dc8f00,Selena,Brown,0968077113
xylocarpous_Xwj,d7cd2d18cb150f54,April,James,0912146614
minutation_USZ,8fdabfcb39261da4,Stephanie,Decker,0924100464
gall_mPM,a0094ce1df7a6b96,Kimberly,Ramsey,0948620561
apathaton_7ud,0426e24b5e6fd7b6,Teresa,Butler,0933555323
dilutant_p5S,39cf15eb2673ec02,Jacqueline,Wilson,0903360608
unsmitten_KRn,7c32c0eac4da8f67,Erin,Jackson,0907853464
amities_teq,a2b15948074b9bec,Kelly,Friedman,0925562964
attractile_fDt,52c2282990be1b8b,Crystal,Anderson,0916951496
theologs_AAY,c3f86d9d92120751,Zachary,Vasquez,0939557851
torpedinous_tcV,04526654e1f6512a,Sean,Wolfe,0925540319
anhedonic_If2,5b549e2fe98fd8c3,Kevin,Patterson,0979924641
amphimixis_Pdu,680d7cde0b149b67,Laura,Michael,0902496015
stabilitate_wGD,583658a332216001,Ashley,Brown,0919411231
infinitant_eul,330f5e25ec3b03f4,William,Scott,0922905092
dispunct_5tq,6ad8f3ed9e2d8454,Veronica,Hicks,0961204540
regimentals_08V,dd16345dd59dae50,Pamela,Perez,0946756805
milched_rI9,ebae1bc756d1ee76,Lisa,Black,0940674640
amaryllises_VmO,3de879a889cad50b,Dylan,Jones,0949582779
beardless_Zy4,587cbe3e42d1371f,Daniel,Tran,0986971486
excusation_t6N,d43278ac25acf693,Colin,Caldwell,0906345908
vestral_CNL,d1c01057f8494103,Lindsay,Conner,0941626568
nouveaute_ooN,d33fc5bf774cfd6b,April,Hill,0952828332
ectoderms_B2Q,451b8335847450f0,Justin,Marshall,0916150407
reperfume_My9,72d908ed2f7dce41,Jennifer,Brooks,0977284360
edhs_F3H,b49c14124beecb0c,Victoria,Jenkins,0952857551
saliretin_GSx,e66edd2d316b9245,David,Howell,0950983333
birdcage_EKz,7825bea2b417a202,Maria,Conway,0952879349
gestaltist_cC8,79b39b3ec28be6f9,Scott,Gross,0904723019
interlining_6lz,2af06b2293b311aa,Emily,Hutchinson,0938163062
hounders_efm,c32c0c7941fd6b44,Sandra,Harding,0930060107
carpets_jS0,5c56812ccf1cb411,Billy,Harvey,0996927167
incrustate_dlf,06dfd821040c936f,Joel,Kelly,0968023772
sceptered_hIw,9c0450c380cf4f7e,Maria,Avery,0927414541
couchee_oJF,04de6f2f02883800,Timothy,Blevins,0998067851
astable_PQr,7b3a60114c30c1c6,Susan,Cain,0991456635
pomphus_8mp,c06ca2a6f5422ac3,Nicole,Grimes,0930999613
snubbed_Df6,c82e340418ec8112,Shane,Burns,0977304403
producible_v18,edca521b9598400c,Shelby,Roberts,0951780211
lactucin_lFC,66481a03a20f3bb4,Crystal,Hernandez,0956357407
fabes_Usg,02e091e0b44096a8,Mary,Henry,0922250160
lamby_cwf,bc3f8a194229aeb6,Molly,Doyle,0997629528
dahabiahs_Hqk,a429e00dd2dab9d9,Robert,Lewis,0956161464
zygon_CTF,e6222bf17457442d,Jerry,Goodwin,0950013579
bossiest_uj5,821d1a4951b80a5f,Ann,Bradley,0904770009
massagist_7ro,b21bcc6e7aa5fdc4,Terri,Stevens,0928408204
koprino_vAQ,8aaceb615dcd071c,Donald,Walters,0908751951
beclothed_Su8,edbbfa336606c07e,Teresa,Valenzuela,0985227545
misfigure_rWE,a6af24ef6a7b1c77,Meredith,Riley,0994396456
begut_oQe,47b519def60b8e68,Angela,Arnold,0939392617
fasola_bx6,eb9ef5841eff9598,Heather,Powell,0921872142
monoculous_Aqx,84c89f837192611c,Joseph,Garner,0945225429
whauk_zPk,adba20de50df33e8,Alexandria,Robertson,0921564049
diatonous_4F5,d572a57234699452,Tammy,Anderson,0910618513
huddup_neh,8032ecccc05f93fc,Sandra,Johnson,0921263341
seditious_GyV,9a022de22c794a4f,Kelly,Baldwin,0981202139
crewelist_XuQ,162b030f2511be2f,Sarah,Cochran,0951509293
tropomyosin_uVa,d9f1a6a1fa4cf98b,Bradley,Farrell,0908077382
garbardine_drJ,1ce8555f3d8c648b,Samantha,Bailey,0958671639
paresthesia_nzo,280d480bc3071fc6,Robert,Ho,0976659482
buncos_vC1,7765bb1aff8870e5,Joshua,Santiago,0933548686
booziest_YbG,39986dda572ff2b2,Shawn,Zimmerman,0951817123
treddles_rFD,b748db0d7673623a,Jeremiah,Torres,0947729377
dualities_9Gi,301fc4a00a599d6d,Austin,Cardenas,0951384454
cockneyship_g2t,da51e49714ba2bfc,Bailey,Sandoval,0975422299
striatal_kXw,faf25254276edf01,Jessica,Best,0910507361
trunks_OLl,5725b73e5a50bdd6,Jeffrey,Price,0936303015
lamentation_ZOR,4ce2d85bc6dc51ad,Susan,Hampton,0909479310
insignes_eGs,aa56e955910a45a9,Christine,Smith,0990427664
evangelists_wl9,e4e7fa4e96cc6e4c,Nina,Burke,0922242779
diffidently_SLu,768c9f602ab2005d,Sara,Hill,0910947640
suctional_qXR,3b8c9bef7e92c56b,Lynn,Merritt,0971026629
unallayable_P8F,2045f0bfb554c82a,Destiny,Hurst,0946193186
stammers_Vi1,7f95c0ae100ed943,Amy,Greene,0994493822
feverroot_FCd,747363ffb1c9515e,Jamie,Morris,0926907012
misdidived_MjI,c6eda81e65f28325,Karen,Martinez,0963882764
petrography_aRx,6728b38da24aa81b,Kevin,Johnson,0921410706
riden_TDS,7465eccdfe3a6165,Kaitlyn,Parks,0948953485
hagworm_EZn,6947689938c63945,Heather,Ortiz,0983360160
hairlines_bcN,9518ea9c34263c98,Robyn,Harris,0989569117
silencers_S1n,42e7c80302e3a3a6,Jesse,Davis,0982405704
arabitol_RJz,666f8ea7f2a6561f,Katie,Stewart,0972739069
labredt_U8n,7b056372b0fd2e4e,Juan,Dixon,0947638711
creatural_bjN,656add886973098e,Marie,Anderson,0915280654
twittle_DiR,6902dd8a8411b7bb,Beth,Owens,0983113134
nonfealty_Rql,f38763048dc8d9db,Robert,Dawson,0913285422
barricade_ol2,3f980f644db8836c,Dylan,Carlson,0989048939
knorhmn_g71,20362b90e604211d,Sierra,Parks,0974266212
motleyness_pJy,735707267849584e,Cathy,Jones,0920794711
dissected_Vf2,e7843242cabdd630,Becky,James,0908554306
kiln_rWV,75c823c7584b7ccc,Shannon,Hodge,0916882709
kittock_aZp,7f3a6d8f3e121d3e,William,Kirby,0988538887
mankind_oMB,087a312f71d25100,Heather,Hurley,0957068999
rising_Uui,1b37cf90f8f02d73,Cory,Taylor,0901073887
invalidcy_XPZ,5f49875a86ca579e,Jane,Sparks,0932479834
smacked_JHE,c61eafe5b4192156,Valerie,Leach,0966403199
files_VZv,1a4c3491ce7d7061,Joshua,Stewart,0997257705
miminae_K0e,099e83c232ffce23,Douglas,Mann,0985805049
octoalloy_jyK,2404ca225460d9ba,Ronnie,Fisher,0939435972
beman_mIC,21b38dfc51452d60,Troy,Morrison,0915742598
na_o2W,c630e147f64c3c87,Vicki,Macdonald,0915107600
whelkier_T5h,816b5d0757e7c2a5,John,Brown,0934504422
dimerlie_0i9,19659db209c70082,Gabriel,Arnold,0944288289
warrantor_8Ff,c0d2a0c71e57de98,Veronica,Long,0993276523
phrenesia_B5y,79cb3f97ed1ac85e,Janice,Torres,0955500159
buzzy_xGM,a704af892fe1d6a4,Kristina,Martin,0900365726
cotillage_jlu,9ae94e4def4564a2,Curtis,Ho,0910383694
spiers_XUW,d47950c2df892210,Paul,Bass,0988358873
chanciest_bms,6cc8898c43686975,Aaron,Paul,0936292557
hamza_Agn,7f69cd5aa9c167ef,Nicole,Cook,0901387461
medullary_oop,22a852b2d9348ce7,Brendan,Long,0925668737
canephor_Dwo,fcefa9c600b1b958,Peggy,Delgado,0932503907
leviable_xgf,66f8cfc8d2c7cf9f,Katherine,Skinner,0992309072
lauia_WsW,e36f03b31b57746c,Teresa,Johnson,0903938532
chemoreflex_ze5,9c3e3b16ff2ddfe6,Christopher,Preston,0921046537
underlook_Zvo,9f9edf54e683683a,Shannon,Lopez,0990928259
bedlamps_uop,cb7867abe23f8994,Megan,Cox,0963178650
unbespoken_D3R,7905e856f84a80b7,Sara,Stokes,0942787450
pigritude_lQO,ac5fa888a951050d,Eileen,Rhodes,0934791280
proplastic_6aV,86a465c08145cd62,Julia,Herring,0908084242
fester_lcG,13e1febd954c9261,Ryan,Taylor,0940530652
marquisina_ETP,7e5580111cfe56a9,Jessica,Diaz,0908439671
farfel_K69,af84d74b17af02c9,Edward,Butler,0952494575
dermaptera_sUv,3a0c126a7bf53bbb,Lindsey,Gregory,0982668461
stades_VtJ,837cbddece8927c9,Michael,Martinez,0911991817
istrian_8IX,458f1e6c88712669,Anthony,Nash,0947503625
resurface_xqH,7252e2de23b68ad8,Christopher,Gray,0936174445
gladelike_xNc,d8f833677ce2fa61,Melissa,Cook,0964295258
ropy_3FI,23c6e5ccf83e2f11,Christopher,Watkins,0980257453
heortology_S9Q,50e810944dfe38ad,Jamie,Dyer,0978240350
boilover_R5g,8e95ee8f4965fa99,Paula,Williams,0929748502
eluated_35a,3170b0449088a100,Michael,Johnson,0989975263
eisegetic_H1s,75f547d75dfca029,Katrina,Hall,0914008621
cardines_f5A,1f597766991421ca,Jerry,Sherman,0981267556
scabbado_TGC,c85e00103cae3538,Heidi,Lewis,0964670441
jelotong_Hcs,1cc5a7fed14ae80b,Allison,Baker,0958558240
cockers_zgx,f269351616871109,Wanda,Guerrero,0951146478
phthirius_sx6,eaa199804f835b4e,Bruce,Douglas,0915809684
wourari_gHK,f28fe7c82bc5d003,Edward,Powell,0982443349
saddling_FAE,34e73d7b12733eb7,Vincent,Reyes,0917167299
vexil_aZ2,8382924944273b7f,Sarah,Mann,0951790787
sigillistic_wt4,12b3de77e5a95b0d,James,Ward,0911352584
pulpectomy_Uiq,48d0b3131fcda5aa,Linda,Cortez,0955436443
truncatella_FOA,bc2dfcb6835d1bbc,Tyler,Rodriguez,0908244161
estral_Obi,325f4d4a3e93dd59,Vanessa,Garrison,0944927863
clattered_L7Z,4d66852d5dab3bc9,Elizabeth,Gray,0912062216
deciphering_bv1,6effcbab9aacc44e,Sherry,Kane,0991219657
reawakened_w0e,3a1ab0155fb737d0,Ricardo,Reid,0992066107
scarved_RKM,fa9b611bae5a3fd8,William,Williams,0959838126
violently_LfY,e4f4563639476955,Michelle,Martinez,0976991755
diazeutic_KiP,72e29a45afa64a87,Lorraine,Evans,0986960141
phaeophyl_QYQ,fadc2ccedad78b14,Elizabeth,Thomas,0969572694
query_wsY,90b803a2a6974256,Karen,Horn,0940110561
glaces_Gtv,dfe47eb385dae9cc,Belinda,Waller,0982812889
maple_pxs,3c1f79dcfba851a9,Wyatt,Ward,0914461088
cabrito_Dtn,c84fc22ea7b43a07,Carol,Brown,0966954728
twinly_lw7,a605189bb492d3e8,John,Cochran,0941961381
datiscosid_3oN,08c9e46eddceb35a,Laura,Gardner,0924654841
excused_lO4,9b98abe4e9b05329,Kristin,Weber,0918177840
tidemark_u0Q,6e31a60234258f2a,Vincent,Morris,0986989467
unvolatile_wkK,08b3d526b8587fc9,John,Stephens,0915115902
tetanism_qTr,5fe21fdd864ae209,Vincent,Cole,0985039625
gepoun_kev,62eb123f55f31915,Patricia,Reyes,0918686248
tsiology_GEk,e122d6977b17543e,Eric,Kramer,0912987070
clearest_uHp,3cefcfe515ce163b,Todd,Harris,0901741255
titleboard_nsf,d38792e0628dffa6,Robert,Hunter,0927456178
taxations_4aL,fa3979eff3b8fd54,Whitney,Franklin,0923129792
corker_Wwi,2ae4b4a45c932f49,Brenda,Allison,0924370875
layne_bFO,cc8235dbb1e0e393,Joshua,Reid,0911278535
cric_7h1,f51f135bca8fb94c,Nicole,Smith,0981113475
koorajong_9B2,64c76f43bc05ebb2,Megan,Stone,0960863006
equivorous_y2A,cf61445189b3d217,Robert,Simon,0944902632
spitzes_Cdq,02509f4df16509ee,Kathryn,Jones,0932219605
morning_zDs,b95dd6e913101dbf,Fernando,Robbins,0948925296
ironworked_siv,82bbb0683bf1c9de,Brad,Wolf,0927829843
dories_YFJ,59829f39f2337341,Charles,Soto,0919212442
inaugural_C0d,43f2aa614bc0cfe3,Henry,Osborn,0984730439
tidemarks_xsk,2e45e0355e3a56e8,David,Kelley,0973552005
marshall_Gn3,9094a0303d9caa8e,Tim,Roberts,0937212785
locustlike_rIR,e97338616ae0fbc9,Thomas,Weber,0958510369
contestee_FUl,2f36cfa8e9f73676,Molly,Taylor,0969152152
sauqui_lqj,4e461a34c33940e5,John,Johnson,0939469257
underanged_U1h,b0854ef1febf2706,Katherine,Sanchez,0998262548
franion_qPb,d9d3f8ca037bf0a2,Carrie,Williams,0942445248
consents_52f,38dc6523951e1ed8,Edward,Smith,0980636218
bragas_oD9,1f7fc4b5d55ac9c4,Claudia,Stevens,0965061127
debunkers_2Us,bc07bb7053173994,Lisa,Kim,0917830163
salicaceae_9fr,256bf71ca3378661,Steve,Smith,0949299093
bedmaking_Bdu,ea06ce5a784d4747,David,Harper,0926256071
antichrists_FKD,8f60a6c90068cf2e,Katie,Stanley,0900272250
yarn_PII,b88e178b14b5e863,Scott,Hoffman,0978184796
resurveying_O3F,c4fe141ba91b12e3,Justin,Baldwin,0988974539
ligatory_BNA,d665034866a93281,Erin,Warren,0990871867
psychotogen_qX2,d274a133661b22c5,Betty,Boone,0989465784
ungazetted_Fac,aa1ca0301a6e1478,Brittney,Fields,0992734331
preventably_iCW,802af8b94b612935,Colleen,Wilkinson,0905374375
cymbate_zBj,df7004bd573654bc,William,Trevino,0985772513
saltireways_h5I,b43800a0f524b309,Thomas,Smith,0921400985
indign_QH4,83398f98b0c8401a,Michelle,Lin,0920261056
neuroid_geb,853acc46830496c3,Samuel,Riggs,0940698281
dactylous_2u3,9c8c00fadca6ab90,John,Fuller,0901836505
atheneum_IgR,526825025a349e71,Rebecca,Hunter,0966049576
scleromata_zGt,7dd4fd79d8fc2306,Christine,Wallace,0967378001
at_ICU,4b06c07457605323,Dustin,Vazquez,0962069183
gabled_3Ys,94cc16eba96652fb,John,Chambers,0925095267
subbassa_a6o,1eaacc04fa07f03f,Sarah,Porter,0946374452
anticker_aVe,253a0db2196c0446,Ryan,Ross,0984778175
zarp_7Pc,f18af7132c2e4140,Austin,Gregory,0974482810
cheeser_42R,27b9922d246e588f,Tammy,Reyes,0949456208
fasciole_Blh,f4e079153f9e4046,Richard,Christian,0932792398
untrimmed_6to,277b450ba12a4744,Emily,York,0989269024
disme_j1I,cff1cdac1e67d7e5,Megan,Campos,0935053905
tongsman_VLT,9ba114e2012136bd,Susan,Hodge,0920281175
nonpros_Nzq,7bde64b9697638dd,Brian,Ortega,0929384829
irrevoluble_ljC,5e23e710e71dc46b,Michael,Burch,0958845071
huapangos_9Ei,7141248777d3add6,Melissa,Castillo,0934201168
voila_Pnv,fb71cd5ab0531c59,Steven,Cole,0996668497
faces_lO4,4ddb04cca60864ca,Richard,Villegas,0991225257
allspices_spa,55aa86c0e53622b1,Scott,Bradshaw,0914870749
catherine_6Gh,89c87f5d3ec3561e,Christopher,Thomas,0970094668
uncoaxable_h6u,27b6ee2e5edf8576,Antonio,Hanson,0969673200
pinspotters_Kcs,311c318ac5e4598f,Tyler,Brooks,0959370756
homophene_r3D,78314962187bd3b8,Thomas,Mclaughlin,0959381185
fowl_N8e,e61fe468ffd941bc,Heather,Garrett,0948288590
overspilled_8zN,cfad0e6087fe33e2,Stacie,Alvarado,0939044706
phallicism_qPG,2be8d2f7d0780468,Michael,Jennings,0901314567
plat_uHS,e02f6bc364273d08,Suzanne,Salazar,0957064808
curavecan_EE5,9fe419f1a112128b,Mary,Combs,0989465660
windstorm_tIp,48eef7a9a5524176,Emily,Hays,0985435912
holocarpous_6tp,ffb02d7c77147216,Nicholas,Thompson,0912325973
coppices_jw2,b8bf769793a5cbcb,Michael,Thomas,0947430361
greatheart_Y72,c72a073dfa4b153a,Alexander,Andrews,0940520826
retrimmer_2w5,c36bb73fbf312c53,Destiny,Olson,0928422697
bedesmen_FFo,c2efdf4590a4d5e8,Mary,Gaines,0923540729
eschevin_Chs,94c420163ad4b883,Gabriela,Mcknight,0973103288
tur_mmM,7ebf8b3a042f3702,Christopher,Frazier,0999640408
clyster_cbA,c53aefc21e9b56ec,Matthew,Gonzalez,0948558693
sequani_Jau,6900c53cf9810b14,Courtney,Holloway,0923509280
parallax_NXH,b736e7bf52a9bc02,Samuel,Mccormick,0964729583
criterium_mX6,08929b75ae4a4316,Debra,Nichols,0937524125
clamouring_FW2,c89f9452d03653e0,Debra,Klein,0970844544
gabbros_Fc5,fc62248cc25724be,Alexis,Miller,0948162756
cunningly_VPl,6cc706e1a71e19a9,Darius,Reed,0902431141
briber_Jf0,7dbc66d173f2f68b,Travis,Nelson,0972706810
staking_A2x,ec8b24313409251b,Jared,Watson,0955923505
iododerma_drC,651a8ad1a60eb985,Stacey,Reynolds,0923891692
bolderian_aZ7,abf1766fa3b13a88,Anna,Williams,0928416225
viewpoint_wuh,7ad72b33b4fa02c6,Fred,Fuller,0920485434
cambuscan_Kgi,df0b7b1c1d14d3c7,Elizabeth,Reeves,0951371409
lifesaver_zmB,4d2bf8ceef43d21b,Kimberly,Kramer,0947817948
bondwoman_a9t,fe89a9b9a6cab08c,Anthony,Proctor,0903225277
gametocyte_uGc,604f30c324d1951b,James,Estes,0907706872
iulus_cIY,17fc1330540f67b1,Jennifer,Forbes,0931176791
untraitored_VPu,fa6ba8fc5455ae0a,Victoria,Martin,0951056721
tm_2T7,394cc1b7e792d710,Isaiah,Rivera,0930019351
sequacious_dgy,520d334a6e9e1c08,Alexander,Schwartz,0963802092
orale_wEQ,46686dc3c84e294e,Edward,Robinson,0991546362
nong_3tQ,572fd1d72c5fd745,Michele,Robinson,0931411042
hoker_osh,df41e646ff0145bd,Emily,Buchanan,0990712677
latexes_8tr,27644caddbbb4c0a,Brittany,Smith,0926974882
marshal_3ST,35d8c32654642ec5,Joseph,Peck,0963372944
mantra_p1A,a8a702d3dea3b6c6,Erin,Boyd,0911588956
embryonary_yt3,5edda6fd86b8b4ac,Jordan,Kent,0918895428
uvuloptosis_qe4,1988b0176cfe2307,Emily,Martinez,0932104836
munsters_DYf,b65407d1b8a96907,Nathan,Mendoza,0998697533
cappella_YhL,36ab99e639fc6b89,Megan,Richards,0996979670
apasttra_6Av,f73a195accb0dbd4,Jessica,Bartlett,0971037930
bisext_16S,d60aa2f97ce90adb,David,Turner,0989096842
salchow_MMU,59006000fbd1fd81,John,Ford,0936826155
bacauan_wfY,5865a4a9c451d415,Maria,Sanchez,0961378412
periculous_sII,3f2861a5c92354de,Kevin,Schmidt,0950204813
unvaluable_AVW,ab3dbad421121f90,Brianna,Moore,0916791505
palmar_2vd,f4d099fa40947cbd,Thomas,Chase,0944058145
spinnerule_caI,6f209fb1ffee42f9,Jackson,Lee,0978633059
genuine_83F,11ac7be750ffd722,Marcus,Foster,0948874134
kakis_VHW,4c098829526450e1,James,Estrada,0927697504
bibliophily_l7Y,0b0b90763a6b38fa,James,White,0925595146
febrifuges_D5q,e823a9d39a465cbe,Kelly,Holmes,0917018076
coprinus_7e7,10bafebc72867424,George,Wagner,0949207360
arcadians_GGL,72ad4fca4ebfc376,Jennifer,Graham,0928050309
wallies_9m0,81f5ce22fc278f49,Ralph,Garrett,0913916027
outhouses_fuB,c0a6527b332188aa,Kevin,Mccarthy,0903005700
roue_p0x,f3fbee28981a0b0d,Dylan,Robertson,0941418742
fawningly_rPz,34f6d10bf06d4b8d,Beverly,Bowen,0910722440
nostrum_2jf,b42eb36ec5c42220,John,Eaton,0908644723
unn_gZy,1054a29b68bdfc51,David,Snyder,0961600032
preoutlined_4P0,089621371663062a,Cassandra,Lawrence,0925053890
carpetmaker_3fz,aff74c0e905aa743,Kathleen,Hopkins,0925023023
oitava_GuZ,633a72b51e33293d,Sean,Richardson,0969656461
alsoon_evm,3afd41e90b4cb77d,Kenneth,Price,0934910275
sdrucciola_Axj,2605bf5196cb6f3e,Jon,Ewing,0961365333
cephaelis_hKZ,7c560b46cb511cbf,Chelsea,Smith,0939736488
velum_HtX,c34a2499b310d122,Maria,Mathews,0956534605
unflag_FdW,1cd653c25bbebb57,Cynthia,Patel,0986695502
scrivello_MP8,7899cc88e825db92,Kristen,Flores,0992275431
obstinacies_6I4,85969b7b65b3a12f,Jennifer,Higgins,0931804768
talpify_f1O,cc2cd6944d841c69,Dale,Wiley,0905750775
kue_P3Q,0f7c97236986f2dc,Michael,Spencer,0908693333
polyborine_iWv,525ca4ecb1b88c8a,Jennifer,Dennis,0993979365
afghan_Ajx,d0f5580b2f690a37,Kaitlyn,Lewis,0933103990
skybal_aeX,58ea3239ce49b58c,Travis,Arias,0992003634
gynethusia_97X,6ba99c1ab01cdbd8,Jennifer,Mitchell,0977950251
melinda_7YY,8dc78e2628963fa8,Claudia,Martinez,0941015058
bromins_HXw,294ab657f1eaf23b,Christopher,Adams,0963874134
kallidins_Gmr,e39535eab665ac60,Katherine,Hunter,0973608914
preventive_c7L,621029fabfc3d408,Sean,Clark,0993842854
unholpen_mvY,89a164590e02064b,Kenneth,Garrett,0938591960
hebenon_m3s,e1576130b7b3e1bc,Sara,Rogers,0985180383
doctorally_cHR,6bec533818300b3e,David,Moore,0982168465
cricoids_FRj,d546fa30c97e2546,Philip,Marshall,0903562692
borderlines_0nq,5480ec1cf8e74b3f,Carl,Morris,0921013768
bardo_qx6,2c7b560bef9df587,Dennis,Hickman,0990679412
fogram_cUI,f243c4b672e6563b,Karen,Lara,0969045256
postmammary_IhD,37a4b3ff38ed5552,Alyssa,Tran,0901156228
circumflex_1Pf,842932fd96e77279,John,Norris,0907415178
unpenalized_V1q,230960056606bf81,Randy,Guzman,0964750646
firewall_fgr,160b85e810068806,Jessica,Norton,0950484830
orchesis_d31,f14d704fa86b63b7,Michael,Silva,0916413187
convective_Ynz,be218005483a8acd,David,Russell,0968960613
epidotic_lvk,564c25773550b6f2,James,Hall,0983890425
mairatour_9Vq,547b4fca76248fa2,Daniel,Foster,0946378217
tackify_qLO,8772de33a687a3d3,William,Miles,0977025761
forweend_fpp,c30c78c4e2cd0de9,Bonnie,Lee,0923761870
bedimming_X3d,d2676ff08bd62d00,Vanessa,Bond,0932755043
boggish_3J5,78d94131b1308e50,Margaret,Price,0981496822
womanhood_2xB,8ab53803452e70b4,Richard,Hernandez,0910923503
mewl_LsR,cc59460b17256043,Jessica,Brown,0998107382
seit_UP5,175bf1266dc4f7a3,Chase,Goodman,0953969790
decrease_3JH,4db68f27e414913d,Robin,Brown,0912181623
stapedius_cP0,18b36fefc69b0c3d,Gregory,Perkins,0931724375
durante_JNN,037723897e88006c,Daniel,Erickson,0953262880
unteaseled_RjU,7ab0e3937d1a6756,Jennifer,Bradley,0957829783
amatembu_hSW,3e8e1de39a3c3b6b,Valerie,Walker,0944497645
crapes_8YE,8e8dd1824091492f,Brian,Thomas,0975352428
tetrastylos_yqo,e016a3172e48f76c,Tammy,Kelley,0923758884
mythol_ifs,b219e07bd7b0be07,Wendy,Hopkins,0984955356
vanadiate_ZiI,4eb5cc98286651a9,Brian,Bryant,0943812804
essays_smO,9967fd9f10715ee4,Pam,Matthews,0999483950
aesthetics_0aq,c679ee6ef3b9bd33,Daniel,Cooper,0919732810
namma_2xS,7bff54257fb5ec06,John,Crawford,0924693913
